id,0,name,1,img,2,email,3,pass,4,tell,5,address,6,crea,7,role,8
8,8,sdf,sdf,uploads/user/1710856439-logo4.jpg,uploads/user/1710856439-logo4.jpg,thienndph45464@fpt.edu.vn,thienndph45464@fpt.edu.vn,thkdien23442,thkdien23442,147523698,147523698,dsadsad,dsadsad,2024-03-19 19:43:38,2024-03-19 19:43:38,1,1
9,9,sdf,sdf,uploads/user/1710899961-logo5.jpg,uploads/user/1710899961-logo5.jpg,thien@gmail.com,thien@gmail.com,adfsadf31234,adfsadf31234,0321618985,0321618985,sdfsadfsadf,sdfsadfsadf,2024-03-19 20:05:01,2024-03-19 20:05:01,0,0
11,11,Tú bạch bạch,Tú bạch bạch,uploads/user/1711326584-ngaoda.jpg,uploads/user/1711326584-ngaoda.jpg,tubachbach@gmail.com,tubachbach@gmail.com,tubachbach,tubachbach,0938423842,0938423842,Bắc Ninh,Bắc Ninh,2024-03-22 07:37:21,2024-03-22 07:37:21,0,0
12,12,thuyetnv117,thuyetnv117,uploads/user/1711326600-cuoi.jpg,uploads/user/1711326600-cuoi.jpg,thiennguyenapk@gmail.com,thiennguyenapk@gmail.com,thuyet117,thuyet117,093726334,093726334,Hà Nội,Hà Nội,2024-03-25 07:28:00,2024-03-25 07:28:00,1,1
13,13,Hảo hán,Hảo hán,uploads/user/1711366284-thantai.jpg,uploads/user/1711366284-thantai.jpg,bachbach@gmail.com,bachbach@gmail.com,bachbachbach,bachbachbach,09346327,09346327,Trịnh Văn Bô,Trịnh Văn Bô,2024-03-25 18:31:24,2024-03-25 18:31:24,0,0
id,0,name,1,img,2,email,3,pass,4,tell,5,address,6,crea,7,role,8
8,8,sdf,sdf,uploads/user/1710856439-logo4.jpg,uploads/user/1710856439-logo4.jpg,thienndph45464@fpt.edu.vn,thienndph45464@fpt.edu.vn,thkdien23442,thkdien23442,147523698,147523698,dsadsad,dsadsad,2024-03-19 19:43:38,2024-03-19 19:43:38,1,1
9,9,sdf,sdf,uploads/user/1710899961-logo5.jpg,uploads/user/1710899961-logo5.jpg,thien@gmail.com,thien@gmail.com,adfsadf31234,adfsadf31234,0321618985,0321618985,sdfsadfsadf,sdfsadfsadf,2024-03-19 20:05:01,2024-03-19 20:05:01,0,0
11,11,Tú bạch bạch,Tú bạch bạch,uploads/user/1711326584-ngaoda.jpg,uploads/user/1711326584-ngaoda.jpg,tubachbach@gmail.com,tubachbach@gmail.com,tubachbach,tubachbach,0938423842,0938423842,Bắc Ninh,Bắc Ninh,2024-03-22 07:37:21,2024-03-22 07:37:21,0,0
12,12,thuyetnv117,thuyetnv117,uploads/user/1711326600-cuoi.jpg,uploads/user/1711326600-cuoi.jpg,thiennguyenapk@gmail.com,thiennguyenapk@gmail.com,thuyet117,thuyet117,093726334,093726334,Hà Nội,Hà Nội,2024-03-25 07:28:00,2024-03-25 07:28:00,1,1
13,13,Hảo hán,Hảo hán,uploads/user/1711366284-thantai.jpg,uploads/user/1711366284-thantai.jpg,bachbach@gmail.com,bachbach@gmail.com,bachbachbach,bachbachbach,09346327,09346327,Trịnh Văn Bô,Trịnh Văn Bô,2024-03-25 18:31:24,2024-03-25 18:31:24,0,0
